1,2467 Alice Curve Suite 690,Montana,Reedside,VA,43292,Apt. 058
2,9866 Tommy Hollow Apt. 470,South Dakota,Bradleymouth,NE,26108,Suite 321
3,62223 Bishop Dam,Minnesota,Brianbury,MS,76267,Apt. 542
4,4707 Jill Gateway,Alabama,South Frankfurt,TN,33481,Apt. 769
5,44462 Coleman Run,Kentucky,Port Derekfurt,MO,08833,Apt. 292
6,04634 Oliver Stravenue Suite 540,Vermont,East Justinchester,RI,28989,Apt. 633
7,51701 Carmen Common Suite 013,Nebraska,Colemouth,NM,84147,Apt. 959
8,96375 Nicholas Garden,Georgia,Jacobsfurt,ND,19165,Apt. 652
9,25077 Ramirez Ridge,Utah,Julieburgh,MS,85472,Suite 626
10,12511 Nancy Groves,Maine,New James,CT,17094,Suite 940
11,687 Jackson Stream Suite 710,Oregon,Michaeltown,ME,32111,Suite 342
12,43546 Larsen Parkways,Washington,Underwoodview,KS,78458,Apt. 405
13,485 Linda Parkways Apt. 465,Indiana,Hintonland,KS,44402,Suite 655
14,7676 Beth Villages,Oregon,East Brandonfurt,CO,39377,Suite 858
15,3716 Tyler Estates Apt. 899,Maine,Millerville,MS,75608,Apt. 474
16,49141 Schmidt Courts Apt. 638,California,Port Martinbury,MP,27382,Apt. 625
17,52684 Hall Land Suite 602,Maryland,Lake Michelle,IN,72647,Suite 916
18,52867 Suarez Points,Colorado,South Colleen,RI,74644,Apt. 289
19,97485 Kimberly Grove,Oklahoma,South Laura,MH,59146,Suite 858
20,89890 Juan Ford,Louisiana,Matastad,WV,42503,Apt. 088
21,4359 Richard Passage Suite 042,New Hampshire,West Colleenshire,MP,93355,Suite 408
22,617 Debbie Crossing,Oklahoma,Jeremyview,IL,73112,Suite 973
23,77851 Erica Freeway Apt. 805,Missouri,South Gregory,ND,16053,Suite 751
24,9971 Danielle Trafficway,Louisiana,Gardnerfurt,FM,89408,Apt. 642
25,36162 Terry Union,Arizona,Doughertyport,NC,33455,Suite 214
26,1172 Joseph Trafficway Apt. 327,Pennsylvania,South Teresaland,DC,03560,Apt. 687
27,445 Jill Trail,West Virginia,Stevensborough,NE,06223,Suite 600
28,9182 Henry Inlet Suite 858,Hawaii,North Anthonymouth,WI,18183,Suite 664
29,6677 Smith Field,Pennsylvania,Lake Joseph,AS,44459,Apt. 194
30,240 Morton Court,Iowa,East Vanessa,AS,15520,Apt. 645
31,8522 Hall Curve Apt. 378,South Dakota,South Ronald,VT,57188,Apt. 621
32,95387 Samantha Via Apt. 953,West Virginia,North Shelleyfurt,FL,39030,Suite 097
33,5462 Anna Lodge,California,South Mark,NJ,78173,Suite 323
34,469 Monique Unions Apt. 213,South Dakota,Donnamouth,WA,72270,Apt. 792
35,0659 Vanessa Ford,Hawaii,Moorefurt,PW,22952,Apt. 142
36,803 Wilcox Ranch,Louisiana,Tylerville,MS,19596,Suite 199
37,92492 Troy Springs,Hawaii,Campbellton,NE,68197,Suite 853
38,214 Lynch Stream,North Carolina,Gutierrezfort,VI,63865,Suite 761
39,99817 Danielle Summit,Nebraska,Susanberg,WY,05833,Suite 437
40,65746 Jeremy Underpass Suite 847,Idaho,Jasmineshire,KY,63620,Apt. 387
41,961 Brennan Court Apt. 698,Mississippi,Lake Kelly,WV,86627,Suite 268
42,912 Ortiz Parkway,Arizona,Perryside,TX,55294,Suite 249
43,975 Anthony Stravenue,Arkansas,Sarahmouth,NY,52309,Apt. 779
44,163 Price Flat Suite 251,South Dakota,Willisborough,CO,94331,Suite 512
45,06245 Washington Flat Suite 446,Arkansas,Carlstad,WY,49181,Suite 694
46,8088 Tracy Gardens,Alabama,East Christopherberg,IN,72508,Suite 721
47,267 Ho Cove Suite 441,Maine,Wrightchester,CO,70452,Apt. 430
48,5222 Everett Unions Apt. 546,Connecticut,West Philip,ME,12607,Suite 059
49,4657 Chad Centers Apt. 203,Montana,Barnesberg,IA,48715,Suite 969
50,13965 Love Track Suite 962,Idaho,West Lindastad,ID,22377,Suite 325
51,329 Rivera Forges,Hawaii,Port Christineville,NJ,68020,Suite 817
52,8024 Orr Expressway Apt. 730,Texas,South Bethanyshire,MD,37732,Suite 118
53,2845 Tammy Coves,Maine,Victoriastad,OH,38572,Suite 465
54,006 Smith Viaduct,Arizona,Jessicastad,KS,48918,Suite 123
55,23448 Warner Mountains Suite 888,Tennessee,North Jamesshire,NH,58452,Apt. 976
56,2531 Thompson Dale Apt. 076,New Jersey,East Ryan,UT,91720,Apt. 710
57,96319 Corey Parkways Apt. 250,Arkansas,North Daniellefurt,HI,82999,Apt. 971
58,0376 Wood Isle,Connecticut,Lopezland,IA,10362,Suite 195
59,35364 Tonya Underpass Suite 835,Rhode Island,Alexanderland,IA,89227,Suite 992
60,0234 Colin Rest,Utah,North Jennifer,PW,76442,Suite 428
61,007 Ortega Key,Wyoming,Brittanystad,MO,69785,Apt. 860
62,550 Chavez Mall Apt. 578,Texas,Boydtown,MD,41328,Suite 827
63,90221 Johnson Islands,Missouri,Johnsonstad,ND,52504,Suite 498
64,94101 Carol Crescent Apt. 865,Arkansas,Pratthaven,MD,14054,Apt. 257
65,856 Nunez Hill,Oklahoma,Lake Jessestad,MN,60297,Apt. 203
66,395 David Shores,Missouri,West Rodneytown,IN,71398,Suite 711
67,625 Joshua Terrace,Hawaii,North Ebony,AK,05172,Suite 794
68,708 Mendoza Tunnel,Indiana,East Curtis,RI,92906,Suite 764
69,068 Booth Route,Maine,Castroport,WY,31886,Suite 757
70,77093 Jodi Estates Suite 147,Virginia,South Christinaview,UT,22668,Apt. 772
71,6194 Roberto Ford Suite 796,West Virginia,New Petermouth,CO,06267,Suite 247
72,433 Brianna Crest,Rhode Island,North Karenside,VT,17707,Suite 178
73,70024 Brian Ports Suite 907,Nebraska,Rosston,MH,05822,Suite 816
74,8563 Francisco Field Apt. 852,Nebraska,Smithport,IA,92294,Apt. 147
75,24146 Duffy Isle,California,Michaelmouth,VT,79269,Apt. 571
76,7416 Harrison Spring,Nebraska,Port Chaseville,MI,34166,Apt. 197
77,37082 Young Plains,Connecticut,Jeffreystad,GA,27129,Apt. 593
78,0726 Reginald Villages Apt. 800,South Dakota,Robinside,NC,71440,Suite 865
79,935 Rivera Manors Apt. 090,New York,Tylerberg,ID,02654,Apt. 611
80,92718 Friedman Mountains,Georgia,Lake Kimberly,AL,97471,Suite 672
81,684 Amber Junctions Suite 865,Indiana,Ritterport,OH,90281,Suite 960
82,52969 Michelle Mountain,Nevada,Michaelhaven,CO,58576,Apt. 740
83,1038 Samantha Spring,California,East Malik,MN,43044,Suite 643
84,886 Julian Camp Suite 989,California,Leonardhaven,TN,87415,Apt. 622
85,7683 Dunn Glen Suite 989,Massachusetts,South Zachary,PW,17228,Apt. 484
86,709 Peterson Crest,Hawaii,Vasquezstad,MS,81959,Apt. 096
87,71331 Harvey Stravenue,Colorado,New Jeremiah,GU,75562,Apt. 394
88,4955 Fletcher Burg,Florida,Charlesburgh,IN,04764,Apt. 670
89,653 David Crest Suite 512,Arkansas,North Sarah,NH,89835,Suite 697
90,728 Nancy Inlet Apt. 925,New Jersey,South Davidburgh,AS,08179,Apt. 442
91,990 Robert View,Utah,New Mark,UT,55741,Suite 461
92,7888 Marshall Forks Suite 572,Georgia,West Ginastad,CO,31603,Apt. 742
93,679 Dylan Overpass Suite 933,Missouri,South Eric,SD,97799,Apt. 772
94,62876 Harvey Trail,Oklahoma,Jasmineland,PR,89573,Apt. 702
95,83841 Diane Springs,New Jersey,Phillipstown,PR,96625,Suite 942
96,3545 Christian Fork,Tennessee,Lake Mark,IN,18530,Apt. 972
97,090 Michael Valley Suite 734,Delaware,Jeffreystad,LA,00792,Apt. 544
98,517 Adams Crescent Suite 148,Missouri,Lopezton,MP,51967,Apt. 647
99,32189 Jay Hill Suite 076,New Hampshire,North Isaac,AZ,15277,Apt. 707
100,3630 Vargas Trail,Nebraska,North Jasminefurt,OR,89498,Suite 138
