Brooks,Chad,1954-01-24,gutierrezsarah@example.org,3U8XcUgC,5005639580
Gallagher,Cheyenne,1982-01-20,burgessdiane@example.net,t8tTnVh6,+1-573-899-3042x29445
Stewart,Matthew,1969-07-25,greenezachary@example.org,OpmMhyEj,+1-221-370-4901x839
Johnson,Nicole,1953-04-20,kevinscott@example.org,XcbpHIix,(843)510-2367
Craig,Katherine,1942-04-15,benjamin66@example.net,jCvRQ0HM,305-890-2786x512
Duffy,Ashley,1993-12-21,myersjoshua@example.net,BmAylfta,+1-434-538-7030
Mcclain,George,1944-04-13,hamiltonallison@example.org,AcjZBH5F,488-537-4370
Doyle,Richard,1951-11-11,christine37@example.com,Jr9R4HSl,886-479-6367x87126
Carter,William,1993-03-18,mark95@example.org,WMWBnX5s,+1-489-477-6080x600
Rangel,Tina,1999-05-22,chasenathan@example.com,KiWzc0MO,(563)914-5869x9337
Williams,Christina,1990-02-12,emilygonzales@example.com,ytcEZcQP,001-443-503-6007x711
Miller,Maria,1945-10-13,samuel09@example.net,y1hUGRaG,(794)854-7656
Bryant,Brittany,1992-08-03,rroberson@example.org,opjLHkLf,716-769-1749
Carpenter,Mary,1954-06-14,umosley@example.net,asQe6Haj,001-527-982-7356x849
Jordan,Vanessa,1972-07-23,nguyencassandra@example.com,5Ik3FNgt,+1-939-525-9783x122
Edwards,Jennifer,1983-07-27,valenciarobert@example.org,fJn12lX0,(862)662-9230
Smith,Mark,1970-07-17,kylegeorge@example.com,MqGjgMEQ,(768)810-2745x9795
Robinson,Nathaniel,1944-03-22,upham@example.org,j0sB4wKh,295-998-7746
Davis,Heidi,2002-08-12,samanthahamilton@example.org,cmfccwRk,293.325.4019x01952
Savage,Stephen,1968-12-27,leonardjoan@example.org,FuEoXqQP,(547)399-5753x99156
Tucker,Kathryn,1987-10-24,nicole13@example.com,IXVT2sxm,5414512630
Parker,Jonathan,1977-12-10,qwilson@example.com,OK6A3AjW,9064876054
Lyons,Joshua,1948-07-09,anna58@example.net,Dw8yjiL5,001-863-565-0486x693
Schneider,Maria,1936-06-04,antoniolong@example.net,CO81sXFq,3098409695
Beck,Nancy,1957-01-29,joshua52@example.com,UJRXe6JH,001-550-756-9700x945
Jennings,Charles,1945-11-06,xsimmons@example.org,WK9pG1Tm,(398)478-1150x2713
Maldonado,Susan,1944-10-16,jgarrett@example.net,38eWq5ld,001-794-531-8774
Ruiz,Sarah,1976-05-03,amanda09@example.org,9QqNgiKQ,(834)523-9496
Mayo,Anna,1935-03-09,catherine00@example.net,WZTSwYIc,696-563-7197
Martin,Cheryl,1959-08-08,tonyanorris@example.org,RRgK17GI,923.357.8156
Williams,George,1965-04-19,phillipsadam@example.net,0m1ebKuM,(388)582-7221
Wells,Sherry,1985-07-24,sullivanandrew@example.com,1gIh9Th5,832.894.4250x93474
Baker,Patty,1943-05-26,allen29@example.com,c2UH5mPi,557.426.0361x198
Davis,Kristine,1984-09-14,huntstacey@example.org,YYaW8f4Z,+1-313-949-8237x764
Baker,Beth,1979-04-06,tgarza@example.com,0qMWXIc6,(407)651-3290x6644
Smith,Karen,1949-06-28,ustewart@example.com,sVJDM1og,255-392-9055x2026
Day,Kimberly,2004-03-08,zweaver@example.org,VPjGCwrL,(358)221-6016
Villarreal,Sharon,2005-06-10,pthomas@example.com,bWpCGraP,001-250-912-4933x747
Williams,Kyle,1945-03-07,richard75@example.com,RDLg81Va,(532)414-4922
Bell,Kevin,1993-11-15,christiansanchez@example.com,7KZ57mKM,001-767-787-9975
Fry,Barbara,1960-08-02,goldenglenn@example.org,Of2oE4lx,(410)682-1468
Jackson,Christopher,1992-10-07,george18@example.org,QSDXiHqr,9826519985
Sanders,Matthew,1934-09-26,wkent@example.net,f4QcRImL,+1-341-847-7705
Barrett,Angela,1977-08-03,crystal40@example.net,ZdmmMTUo,001-655-872-5060x85120
Roberts,Lauren,1989-05-20,durantroy@example.org,P3oT2wFo,943-443-4647x8006
Simon,Jennifer,1967-07-11,jenniferwatkins@example.net,9IxRMBax,(532)238-3598x4814
Bray,Kendra,1974-10-31,jduffy@example.com,uYtYzDJO,(369)815-5627x44581
Martinez,Steven,1971-01-01,scottmoore@example.org,9JQv7ypw,001-516-838-5681
Rowe,Mary,1972-03-17,mcdanielstephen@example.org,2qBHhesH,635-251-9279x68127
Garcia,Brandon,1990-10-16,morrowjessica@example.org,KUDwtROB,(895)417-2754x302
Jones,Ryan,1988-07-28,daniellebrown@example.org,U7qeUNkp,+1-907-667-6743x69485
Alvarez,Douglas,1946-11-02,claudia94@example.net,rsy2T0db,001-980-277-6773x4885
David,Seth,1961-06-07,morristaylor@example.net,cTWGEgVP,+1-697-810-5502x721
Thomas,Raymond,1940-12-13,christopher26@example.com,Z5v0aF6q,6467598073
Logan,Christopher,1989-04-30,kristin82@example.org,5Fw6VW2b,962-705-5564x7616
Taylor,George,1958-09-26,csanchez@example.com,g7Az0zzj,228-470-8842
Cantrell,John,1946-01-06,michaelwade@example.org,pCJV1Kht,(826)283-2238
Bailey,Matthew,1971-11-29,scott39@example.com,91TwLfSu,348-728-7543x215
Franklin,Daniel,1985-02-18,belindasmith@example.com,TUI9W2e8,4834575360
Snyder,Roger,1957-08-10,riverateresa@example.com,EWR0zKrz,+1-512-759-7851
Holmes,Stephen,1996-04-02,tammyschroeder@example.net,M9dYGEjO,001-851-874-2131x938
Benitez,Patricia,1958-09-22,craiglarsen@example.net,cMVlz7dZ,+1-758-333-9248
Tanner,Chelsea,1978-04-29,hernandezdanielle@example.com,adzv2sop,739-227-3681x566
Campbell,Tina,1986-05-07,randy39@example.com,JywJUX6A,+1-545-539-4784x278
Soto,William,1980-01-04,bsantos@example.net,0IXn1LZy,(435)242-6538
Vasquez,Cody,1975-04-22,odelacruz@example.org,KzbOLbzJ,(688)701-7385x278
Carey,Angela,1987-06-04,elee@example.com,935n9zP0,322-409-1055x634
Rogers,Joseph,1935-05-30,rkennedy@example.net,z7eDxFuW,(638)370-9778x311
Mejia,Wendy,1950-11-24,danielle96@example.net,vP4NVXXJ,982.630.5410x0646
Bailey,Travis,1960-08-04,browncody@example.net,wFa4RZjV,6137906971
Golden,Katherine,1936-11-09,brooksbrittany@example.org,IxhRCKS1,515-232-3557
Cobb,Susan,1973-11-25,ronald03@example.org,x29X3xXS,+1-455-570-9789
Brown,Judy,1954-05-03,deborah98@example.net,BqKp9kqF,001-299-426-6789x98642
Williams,Jordan,1963-10-23,camachochristina@example.com,xoKvRPb8,001-769-578-1626
Thompson,Katherine,1971-05-09,carolinematthews@example.org,Crbtms9l,681.704.1497x79672
Hopkins,Stephanie,1985-03-28,wjohnson@example.com,jTaWGI7q,001-676-321-6426x8557
Anderson,Christina,1941-12-27,agarcia@example.com,kuLFGfkM,001-897-467-7771x836
Webb,Anthony,1994-04-22,james71@example.com,WxEXDBWD,6797744431
Jones,Patricia,1991-02-02,vblair@example.net,kfNr6Yxm,(892)825-1153x2144
Moore,Julie,1978-03-13,ryanjones@example.com,s00uzX7B,(614)933-0786x950
Holland,Emma,1958-08-30,ylee@example.com,Tl0shKB6,(410)283-9900x745
Griffin,Jared,1990-01-08,jenniferellis@example.com,vMiyK2Vw,886.670.3399
Hernandez,Alexandria,1989-07-16,henrymichelle@example.com,TYtxXmLG,(955)584-7796x57246
Velez,Nicole,1938-07-23,todd42@example.com,QQ3LaAP4,837-206-8982x205
Hansen,Daniel,1965-04-11,micheal16@example.net,NBImBcii,491-277-1346
Smith,Brandi,1944-08-22,christy69@example.org,fAdc82ca,333-895-6045x6857
Smith,Michelle,1970-09-07,paynejohn@example.com,4a2v65Nl,479-971-6005x90930
Olsen,Lisa,1964-07-27,estesmichael@example.org,405FDa2j,001-819-795-1511
Norton,Jonathon,1999-10-07,elizabethramirez@example.org,3nj04ALa,675.543.9841x09421
Hart,Christopher,1968-04-24,shellypatterson@example.net,A3u1vfMJ,481.395.9609
James,Crystal,1974-08-10,castroheather@example.com,7tfbWIfC,269-353-1663
Martin,Tammy,1952-03-19,mariastanton@example.org,0u7JkJ7t,973-703-5319
Jackson,Sandra,1984-10-09,kimwatkins@example.com,TANwEDWA,001-283-531-6278x4963
Jones,James,1995-08-18,olsonchelsey@example.com,sWSXespe,288.630.0013x6939
Graves,Stephanie,1994-03-18,kellygreen@example.org,MfcAGdIz,5315568160
Allen,Paul,1938-12-02,usmith@example.com,SbcQQj2T,496.391.8899x39482
Williams,Victor,1956-06-22,ortegadanny@example.net,L3KxaCGZ,772.955.7349x67523
Evans,Misty,1954-05-21,johnkennedy@example.net,qDQh12Ao,+1-638-873-8859x2968
Griffin,Brianna,1969-09-28,btorres@example.com,xQ30ny0H,896-457-3062
Best,Joseph,1984-03-24,shanebanks@example.com,dl0fVR9n,655.607.7869x7796
